scheduler,task_count,runner_count,cmax_sec,elapsed_sec,total_work_sec,critical_path_sec,lower_bound_sec,speedup_vs_sequential,efficiency,utilization,avg_wait_sec,gap_to_lower_bound,critical_path
sequential,20,3,35.07883071899414,35.079110875000005,34.0,15.0,15.0,1.0,0.3333333333333333,0.33329035584184863,11.020653462409973,2.3385887145996094,c01 -> c02 -> c03 -> c04 -> c05 -> c06 -> c07 -> c08 -> f01 -> f02
parallel,20,3,15.481804847717285,15.482271875000002,34.0,15.0,15.0,2.2658101599934803,0.7552700533311602,0.7530480037933908,1.939650547504425,1.0321203231811524,c01 -> c02 -> c03 -> c04 -> c05 -> c06 -> c07 -> c08 -> f01 -> f02
dag_priority,20,3,21.223631143569946,21.224181957999996,34.0,15.0,15.0,1.6528194672108152,0.5509398224036051,0.5485835444667421,1.3829147577285767,1.4149087429046632,c01 -> c02 -> c03 -> c04 -> c05 -> c06 -> c07 -> c08 -> f01 -> f02
dag_critical,20,3,15.471502780914307,15.472126540999994,34.0,15.0,15.0,2.2673189033884604,0.7557729677961534,0.7505383313793744,2.073997688293457,1.0314335187276205,c01 -> c02 -> c03 -> c04 -> c05 -> c06 -> c07 -> c08 -> f01 -> f02
